<xml xmlns:o="urn:schemas-microsoft-com:office:office">
 <o:MainFile HRef="../WeakSessionID.html"/>
 <o:File HRef="themedata.thmx"/>
 <o:File HRef="colorschememapping.xml"/>
 <o:File HRef="image001.png"/>
 <o:File HRef="image020.jpg"/>
 <o:File HRef="image003.png"/>
 <o:File HRef="image021.jpg"/>
 <o:File HRef="image005.png"/>
 <o:File HRef="image022.jpg"/>
 <o:File HRef="image007.png"/>
 <o:File HRef="image023.jpg"/>
 <o:File HRef="image024.jpg"/>
 <o:File HRef="image010.png"/>
 <o:File HRef="image025.jpg"/>
 <o:File HRef="image012.png"/>
 <o:File HRef="image026.jpg"/>
 <o:File HRef="image014.png"/>
 <o:File HRef="image027.jpg"/>
 <o:File HRef="image016.png"/>
 <o:File HRef="image028.jpg"/>
 <o:File HRef="image018.png"/>
 <o:File HRef="image029.jpg"/>
 <o:File HRef="filelist.xml"/>
</xml>